Name,Date,Description,URL
Principales Benchmarks,"December 8, 2025","Es un mapa global de casos y plataformas que usan inteligencia artificial para fortalecer la participación ciudadana y la inteligencia colectiva en gobiernos, organizado por regiones, funciones de IA, evidencias y lecciones clave.",https://horizonsarchitecure.notion.site/Principales-Benchmarks-2c6e568adb8280bea9d3faf6ceb6ded1?source=copy_link
Diseño de proceso 08.12.2025 (v.00),"December 8, 2025","Es el diseño completo, en 12 fases, del sistema de Inteligencia Colectiva de Querétaro (SIC‑Q), desde cómo las personas entran, participan y generan datos hasta cómo la IA los procesa, el gobierno decide, devuelve feedback y se crea un ciclo virtuoso de confianza y participación cívica.",https://horizonsarchitecure.notion.site/Dise-o-de-proceso-08-12-2025-v-00-2c6e568adb8280069802fcec22a8c189?source=copy_link
Reflexiones sobre feedback de llamada del 08.12.2026,"December 15, 2025","Es una síntesis estructurada del feedback de la llamada del 08.12.2026, organizada por participante, que recoge elogios, preocupaciones, sugerencias, puntos de consenso y temas pendientes para afinar el diseño y la implementación del SIC‑Q.",https://horizonsarchitecure.notion.site/Reflexiones-sobre-feedback-de-llamada-del-08-12-2026-2cae568adb8280fba1a7f118e88a193b?source=copy_link
SIC-Q Prototipo v.01,"December 15, 2025","Es el primer prototipo navegable del Sistema de Inteligencia Colectiva de Querétaro (SIC‑Q), que permite explorar la experiencia básica de registro y participación ciudadana basada en el diseño de 12 fases.",https://sic-q-app.horizonsarchitecture.ai/
Literatura en Inteligencia Colectiva e IA,"December 15, 2025","Literatura curada de trabajos teóricos, plataformas y sistemas de deliberación mediados por IA que muestran cómo la inteligencia colectiva puede operar a gran escala, desde millones de participantes en Wikipedia y Zooniverse hasta procesos cívicos como presupuestos participativos y vTaiwan con http://Pol.is.  Esto es para que nosotros y el sistema de IA entienda los conceptos.",https://horizonsarchitecure.notion.site/Literatura-en-Inteligencia-Colectiva-e-IA-2cae568adb8280f2bb9fdf88a7e99643?source=copy_link
Diseño de proceso 22.12.2025,"December 22, 2025","Se actualizó: citizens-journey/experiencia-plataforma.ascii: renombré VOTAR→IMPULSAR e IMPULSAR→TRANSFORMAR, agrega CONVERSAR
y su journey completo, reemplacé “votos” por “likes” con aclaración de
revisión por comité, y alinea/embellece la maqueta ASCII (menú, flujos y
diagrama final).",https://horizonsarchitecure.notion.site/Dise-o-de-proceso-22-12-2025-2d1e568adb82807e9adcee4e8071ce29?source=copy_link
Código de ética v.00,"December 22, 2025","Primera versión de un código de ética ciudadano para SIC-Q que establece principios, derechos, privacidad, uso responsable de datos e IA, y reglas claras de interacción y   gobernanza.",https://horizonsarchitecure.notion.site/C-digo-de-tica-v-00-2d1e568adb8280aebc3ff70baaabda6f?source=copy_link
Nueva versión del diseño del proceso (diagrama),"December 22, 2025",,https://horizonsarchitecure.notion.site/Nueva-versi-n-del-dise-o-del-proceso-diagrama-2d1e568adb828001a728f5d674638a26?source=copy_link
Agente de IA,"December 23, 2025",Primer agente de SIC-Q,https://sic-q.horizonsarchitecture.ai/?token=wiE4rGpB4iWABx6CPDT0o2fd4tX6zEY6s6jCqdgGCV5ckaUlA56s7OW3
Sugerencias metodológicas para el diseño inicial del SIC-Q,"January 5, 2026","Metodología de diseño participativo para co-crear y validar el SIC‑Q en 6 semanas, organizada en 4 actividades (talleres, conversaciones con IA, encuesta y mesas técnicas) basadas en las 6 dimensiones de HA, con participantes definidos, cronograma y entregables claros.https://www.notion.so/Sugerencias-metodol-gicas-para-el-dise-o-inicial-del-SIC-Q-2dfe568adb828073a208d74b891c187f?pvs=21",https://horizonsarchitecure.notion.site/Sugerencias-metodol-gicas-para-el-dise-o-inicial-del-SIC-Q-2dfe568adb828073a208d74b891c187f?source=copy_link
Sugerencias de documentos iniciales para SIC-Q,"January 5, 2026"," Lista de documentos y datos (marco legal, planeación, demografía, historial de participación, actores, trámites e infraestructura tecnológica) necesarios para construir una base de conocimientos sólida del SIC‑Q.https://www.notion.so/Sugerencias-de-documentos-iniciales-para-SIC-Q-2dfe568adb8280c5b325f1a868193554?pvs=21",https://horizonsarchitecure.notion.site/Sugerencias-de-documentos-iniciales-para-SIC-Q-2dfe568adb8280c5b325f1a868193554?source=copy_link
SIC-Q ASCII Citizens Journey v.03,"January 6, 2026","Esta página es un mockup en ASCII del citizen journey v03 del SIC‑Q, mostrando paso a paso la experiencia del ciudadano (Explorar → Participar → Proponer/Impulsar/Transformar/Conversar), incluyendo el flujo de Transformar, el seguimiento de impacto y cómo se conecta con el backend institucional.",https://horizonsarchitecure.notion.site/SIC-Q-ASCII-Citizens-Journey-v-03-2e0e568adb828033988ec1a318b7fbe0?source=copy_link
SIC-Q Diagrama Citizens Journey v.03,"January 6, 2026","Esta página muestra un diagrama (en Mermaid) que describe, de punta a punta, el journey y la arquitectura funcional del SIC‑Q: desde el co-diseño y el primer contacto ciudadano hasta el motor de inteligencia colectiva, la interfaz institucional y el ciclo de retroalimentación.",https://horizonsarchitecure.notion.site/SIC-Q-Diagrama-Citizens-Journey-v-03-2e0e568adb82801fb99dd77fcf234788?source=copy_link
SIC-Q Diagrama Citizens Journey v.04,"January 12, 2026","Esta página muestra la v.04 del diagrama (en Mermaid) que describe, de punta a punta, el journey y la arquitectura funcional del SIC‑Q: desde el co-diseño y el primer contacto ciudadano hasta el motor de inteligencia colectiva, la interfaz institucional y el ciclo de retroalimentación.",https://horizonsarchitecure.notion.site/SIC-Q-Diagrama-Citizens-Journey-v-04-2e6e568adb828037b5a3cd25757a7d91?source=copy_link
Proceso y calendario de selección de propuestas,"January 12, 2026","Proceso y calendario anual (3 ciclos) y las reglas de selección (3 vías: apoyo, calidad y representatividad territorial) para decidir qué propuestas ciudadanas pasan a deliberación institucional en el SIC‑Q.https://www.notion.so/Proceso-y-calendario-de-selecci-n-de-propuestas-2e6e568adb8280b9a0e2c0a16d02d851?pvs=21",https://horizonsarchitecure.notion.site/Proceso-y-calendario-de-selecci-n-de-propuestas-2e6e568adb8280b9a0e2c0a16d02d851?source=copy_link
SIC-Q Visor de mapas,"January 12, 2026","Una prueba de visualización de información en mapas. ",https://horizonsarchitecure.notion.site/SIC-Q-Visor-de-mapas-2e6e568adb82802eba23f7d1796aa977?source=copy_link
Primera versión de la narrativa de Presentación al Gobernador,"January 19, 2026",Una narrativa para presentar al Gobernador Mauricio Kuri la propuesta del SIC‑Q como infraestructura de inteligencia colectiva (plataforma ciudadana + motor de IA + agente de consulta) y su visión de largo plazo mediante el Instituto del Futuro.,https://horizonsarchitecure.notion.site/Primera-versi-n-de-la-narrativa-de-Presentaci-n-al-Gobernador-2ede568adb82803d8eddd029459d93cc?source=copy_link
Simulador de costos al 19.01.2026,"January 19, 2026","Un análisis que estima y desglosa el costo mensual del piloto SIC‑Q para 1,000 ciudadanos, comparando precios de LLMs, consumo de tokens e infraestructura (MCP, cloud y servicios geoespaciales), y proponiendo escenarios de gasto.",https://horizonsarchitecure.notion.site/Simulador-de-costos-al-19-01-2026-2ede568adb8280ca8eebd2018c4c2ea9?source=copy_link
Calendario de identidad gráfica de SIC-Q,"January 20, 2026","Timeline para el diseño de identidad gráfica y UI/UX, con fases de diseño, entrega y feedback de enero a mayo del SIC-Q.",https://horizonsarchitecure.notion.site/Calendario-de-identidad-gr-fica-de-SIC-Q-2eee568adb8280398b36cf00c820cac1?source=copy_link
Información para convocatoria de talleres,"January 20, 2026","Documento guía para convocar y organizar 2–3 talleres presenciales de co-diseño del SIC-Q, con objetivos, perfiles de participantes, agenda, logística y textos listos para invitación.",https://horizonsarchitecure.notion.site/Informaci-n-para-convocatoria-de-talleres-2eee568adb8280cca2ecc6ab9cdff0f3?source=copy_link
Información para convocatoria de talleres (1),"January 20, 2026","Documento guía para convocar y organizar 2–3 talleres presenciales de co-diseño del SIC-Q, con objetivos, perfiles de participantes, agenda, logística y textos listos para invitación.",https://horizonsarchitecure.notion.site/Informaci-n-para-convocatoria-de-talleres-2eee568adb8280cca2ecc6ab9cdff0f3?source=copy_link
Dinámica detallada de talleres sic-q,,,